"observation.id","group_sex","first.five.activity","group_size"
1,"All Female","Travel",1
2,"All Female","Forage",1
3,"All Female","Forage",1
4,"All Female","Forage",1
5,"All Female","Forage",1
6,"All Female","Forage",1
7,"All Male","Rest",1
8,"All Male","Forage",1
9,"All Male","Rest",1
10,"All Female","Forage",1
11,"All Male","Forage",1
12,"All Female","Forage",1
13,"All Male","Forage",1
14,"All Female","Forage",1
15,"All Female","Forage",1
16,"All Female","Forage",1
17,"All Female","Other",1
18,"All Female","Forage",1
19,"All Female","Forage",1
20,"All Female","Forage",1
21,"All Female","Other",1
22,"Mixed","Forage",2
23,"All Female","Other",1
24,"All Male","Forage",1
25,"All Male","Travel",1
26,"All Female","Forage",1
27,"All Female","Forage",1
28,"All Female","Forage",1
29,"All Female","Forage",1
30,"All Female","Forage",1
31,"All Female","Forage",1
32,"All Female","Forage",1
33,"All Female","Forage",1
34,"All Male","Forage",1
35,"All Male","Forage",1
36,"All Female","Forage",1
37,"All Male","Forage",1
38,"All Male","Forage",1
39,"All Female","Forage",1
40,"All Female","Rest",1
41,"All Female","Forage",1
42,"All Male","Forage",1
43,"All Male","Forage",1
44,"All Male","Forage",1
45,"All Male","Forage",1
46,"All Male","Rest",2
47,"All Male","Forage",1
48,"All Female","Rest",1
49,"All Male","Forage",1
50,"All Female","Forage",1
51,"All Male","Forage",1
52,"All Female","Forage",2
53,"All Female","Forage",1
54,"All Male","Social",2
55,"All Male","Forage",1
56,"All Male","Rest",1
57,"All Male","Rest",1
58,"All Male","Forage",1
59,"All Male","Forage",1
60,"All Male","Travel",1
61,"All Male","Forage",1
62,"All Male","Travel",1
63,"All Male","Forage",1
64,"All Male","Forage",1
65,"All Male","Forage",1
66,"All Male","Forage",1
67,"All Male","Travel",1
68,"All Male","Rest",1
69,"All Female","Forage",1
70,"All Male","Rest",1
71,"All Female","Travel",2
72,"All Male","Travel",1
73,"All Male","Travel",1
74,"All Male","Rest",2
75,"All Female","Forage",1
76,"All Female","Forage",1
77,"All Female","Forage",1
78,"All Male","Forage",1
79,"All Female","Forage",1
80,"All Female","Travel",1
81,"All Female","Forage",1
82,"All Male","Forage",1
83,"All Female","Travel",1
84,"All Female","Forage",1
85,"All Female","Rest",1
86,"All Female","Rest",1
87,"All Female","Rest",1
88,"All Male","Rest",1
89,"All Male","Travel",1
90,"All Female","Travel",1
91,"All Female","Forage",1
92,"All Female","Forage",1
93,"All Female","Travel",1
94,"All Female","Rest",1
95,"All Female","Forage",1
96,"All Female","Rest",1
97,"All Female","Rest",1
98,"All Male","Forage",1
99,"All Male","Forage",1
100,"All Female","Forage",1
101,"All Male","Travel",1
102,"All Female","Forage",1
103,"All Male","Travel",1
104,"All Female","Rest",1
105,"All Female","Forage",1
106,"All Male","Forage",1
107,"All Male","Forage",1
108,"All Female","Forage",1
109,"All Male","Social",2
110,"All Male","Travel",1
111,"All Female","Forage",1
112,"All Female","Forage",2
113,"Mixed","Social",3
114,"All Male","Forage",1
115,"All Male","Forage",1
116,"All Male","Rest",1
117,"All Male","Forage",1
118,"All Male","Forage",1
119,"All Male","Forage",1
120,"All Male","Forage",1
121,"All Female","Forage",1
122,"All Male","Forage",1
123,"All Female","Forage",2
124,"All Female","Forage",1
125,"All Female","Forage",1
126,"All Female","Forage",1
127,"All Male","Forage",3
128,"All Female","Forage",1
129,"All Female","Rest",2
130,"All Male","Forage",1
131,"All Female","Forage",3
132,"Mixed","Forage",2
133,"All Female","Forage",1
134,"All Female","Forage",1
135,"All Male","Rest",2
136,"All Female","Forage",1
137,"All Male","Forage",1
138,"All Female","Forage",1
139,"All Female","Forage",1
140,"All Female","Forage",1
141,"All Male","Forage",2
142,"All Male","Forage",1
143,"All Male","Travel",2
144,"All Male","Forage",1
145,"All Female","Forage",1
146,"All Female","Forage",1
147,"All Female","Forage",1
148,"Mixed","Travel",2
149,"All Male","Forage",1
150,"All Female","Rest",1
151,"All Female","Forage",1
152,"All Female","Forage",1
153,"All Male","Forage",1
154,"All Male","Travel",1
155,"All Male","Forage",1
156,"All Male","Forage",1
157,"All Female","Forage",1
158,"All Female","Forage",1
159,"All Male","Forage",1
160,"All Female","Forage",1
161,"All Male","Forage",2
162,"All Female","Travel",1
163,"All Male","Forage",2
164,"All Female","Travel",1
165,"Mixed","Forage",2
166,"All Female","Forage",1
167,"All Male","Travel",2
168,"All Male","Travel",2
169,"Mixed","Travel",2
170,"All Female","Forage",1
171,"All Female","Forage",1
172,"All Male","Forage",2
173,"All Female","Forage",1
174,"Mixed","Social",3
175,"All Female","Forage",1
176,"All Male","Forage",2
177,"All Male","Travel",3
178,"All Female","Forage",1
179,"All Male","Social",3
180,"Mixed","Social",2
181,"All Female","Forage",1
182,"Mixed","Forage",4
183,"All Male","Travel",1
184,"All Male","Forage",1
185,"All Male","Rest",4
186,"All Female","Forage",1
187,"All Male","Travel",1
188,"All Male","Forage",1
189,"All Male","Forage",1
190,"Mixed","Forage",2
191,"All Male","Forage",1
192,"All Female","Forage",1
193,"All Female","Forage",1
194,"All Male","Forage",1
195,"All Male","Forage",1
196,"All Female","Forage",1
197,"All Male","Forage",1
198,"All Male","Forage",1
199,"All Male","Forage",1
200,"All Female","Forage",1
201,"All Male","Forage",1
202,"All Male","Social",3
203,"All Female","Forage",1
204,"All Female","Forage",1
205,"All Male","Forage",3
206,"All Male","Forage",1
207,"All Male","Forage",1
208,"All Female","Forage",1
209,"All Male","Travel",1
210,"All Male","Forage",2
211,"All Female","Forage",1
212,"All Male","Forage",1
213,"All Female","Forage",1
214,"All Female","Forage",1
215,"All Female","Forage",1
216,"All Male","Forage",1
217,"All Male","Forage",1
218,"All Female","Forage",1
219,"All Female","Forage",1
220,"All Male","Forage",2
221,"All Male","Forage",1
222,"All Male","Forage",1
223,"All Female","Forage",1
224,"All Male","Forage",1
225,"All Female","Forage",1
226,"All Male","Forage",2
227,"All Male","Travel",1
228,"All Male","Forage",1
229,"All Male","Forage",1
230,"All Female","Social",3
231,"All Female","Forage",1
232,"All Male","Forage",1
233,"All Male","Forage",1
234,"All Male","Forage",1
235,"All Male","Forage",1
236,"All Male","Forage",2
237,"All Female","Forage",1
238,"All Male","Forage",1
239,"All Female","Forage",1
240,"All Male","Forage",1
241,"Mixed","Forage",2
242,"All Female","Forage",1
243,"All Male","Travel",1
244,"All Female","Forage",1
245,"All Male","Travel",1
246,"All Male","Forage",1
247,"All Male","Forage",1
248,"All Female","Forage",1
249,"All Female","Forage",1
250,"All Female","Travel",1
251,"All Female","Forage",1
252,"All Male","Forage",1
253,"All Male","Forage",1
254,"All Male","Forage",1
255,"All Male","Travel",1
256,"All Female","Travel",1
257,"All Male","Forage",1
258,"Mixed","Forage",2
259,"All Male","Forage",1
260,"All Female","Travel",1
261,"All Female","Travel",1
262,"All Male","Travel",1
263,"Mixed","Rest",2
264,"All Female","Forage",1
265,"All Female","Travel",1
266,"All Male","Forage",1
267,"All Male","Forage",1
268,"Mixed","Forage",4
269,"All Female","Travel",1
270,"All Female","Rest",1
271,"All Female","Travel",2
272,"All Male","Travel",1
273,"All Female","Forage",2
274,"All Male","Rest",1
275,"All Female","Forage",1
276,"All Female","Travel",1
277,"All Female","Forage",1
278,"All Male","Rest",2
279,"All Female","Forage",1
280,"All Female","Forage",1
281,"All Female","Forage",1
282,"All Female","Forage",1
283,"All Female","Travel",1
284,"All Male","Forage",1
285,"All Female","Forage",1
286,"All Male","Forage",1
287,"All Female","Forage",1
288,"All Male","Forage",1
289,"All Female","Forage",1
290,"All Female","Forage",1
291,"All Male","Forage",1
292,"All Male","Forage",1
293,"All Female","Forage",1
294,"All Female","Forage",1
295,"All Female","Forage",1
296,"All Female","Forage",1
297,"All Female","Forage",1
298,"All Female","Forage",1
299,"All Male","Forage",1
300,"All Female","Forage",1
301,"All Female","Forage",1
302,"All Female","Forage",1
303,"All Female","Forage",1
304,"All Female","Travel",1
305,"All Female","Forage",1
306,"All Female","Forage",1
307,"All Female","Forage",1
308,"All Female","Forage",1
309,"All Female","Forage",1
310,"All Female","Forage",1
311,"All Female","Forage",1
312,"Mixed","Rest",3
313,"Mixed","Travel",2
314,"All Male","Forage",1
315,"Mixed","Social",3
316,"All Male","Forage",1
317,"Mixed","Social",4
318,"All Female","Forage",1
319,"All Female","Forage",1
320,"All Male","Forage",1
321,"All Female","Travel",1
322,"Mixed","Forage",3
323,"Mixed","Social",5
324,"All Female","Forage",1
325,"All Female","Forage",1
326,"All Female","Rest",2
327,"All Female","Forage",1
328,"All Female","Travel",1
329,"All Female","Travel",2
330,"All Male","Forage",1
331,"All Female","Forage",1
332,"All Female","Forage",1
333,"All Male","Forage",1
334,"All Male","Forage",1
335,"All Female","Forage",1
336,"All Female","Forage",1
337,"All Female","Forage",1
338,"All Female","Forage",1
339,"All Male","Forage",1
340,"All Female","Forage",1
341,"All Female","Forage",1
342,"All Female","Forage",1
343,"All Male","Travel",1
344,"Mixed","Travel",3
345,"All Female","Forage",1
346,"All Female","Forage",1
347,"All Male","Rest",1
348,"All Female","Rest",2
349,"All Male","Travel",1
350,"All Female","Forage",1
351,"All Male","Travel",1
352,"All Female","Forage",1
353,"All Male","Travel",1
354,"All Male","Forage",1
355,"Mixed","Rest",3
356,"All Male","Travel",1
357,"All Female","Forage",1
358,"All Female","Forage",1
359,"Mixed","Rest",3
360,"All Female","Travel",1
361,"All Female","Travel",3
362,"All Female","Forage",1
363,"All Female","Forage",1
364,"All Female","Forage",1
365,"All Male","Forage",1
366,"All Female","Forage",1
367,"All Male","Forage",1
368,"All Female","Forage",1
369,"All Female","Forage",1
370,"All Female","Forage",1
371,"All Female","Forage",1
372,"All Female","Forage",1
373,"All Male","Travel",1
374,"All Female","Forage",1
375,"All Female","Forage",1
376,"All Male","Forage",1
377,"All Female","Forage",2
378,"All Female","Forage",1
379,"All Male","Forage",1
380,"All Female","Forage",1
381,"All Male","Forage",1
382,"Mixed","Forage",3
383,"All Female","Travel",1
384,"All Female","Forage",1
385,"All Male","Travel",1
386,"All Female","Forage",1
387,"All Female","Travel",1
388,"All Female","Forage",2
389,"All Female","Forage",1
390,"All Female","Forage",1
391,"All Male","Rest",1
392,"All Female","Forage",1
393,"Mixed","Forage",2
394,"All Female","Rest",1
395,"All Female","Forage",1
396,"All Female","Forage",1
397,"All Female","Forage",1
398,"All Female","Forage",1
399,"All Male","Rest",2
400,"All Female","Forage",1
401,"All Female","Forage",1
402,"All Female","Travel",1
403,"All Male","Forage",1
404,"All Male","Forage",1
405,"All Female","Rest",1
406,"All Female","Forage",1
407,"All Male","Rest",1
408,"All Female","Travel",1
409,"All Female","Forage",1
410,"All Female","Travel",1
411,"All Female","Travel",1
412,"All Female","Rest",2
413,"All Female","Forage",1
414,"All Female","Forage",1
415,"All Female","Forage",1
416,"All Female","Rest",1
417,"All Male","Travel",1
418,"All Female","Forage",1
419,"All Female","Forage",1
420,"All Female","Travel",1
421,"All Female","Forage",2
422,"All Female","Rest",1
423,"All Female","Forage",1
424,"All Male","Forage",1
425,"All Female","Forage",1
426,"All Male","Forage",1
427,"Mixed","Forage",2
428,"All Male","Forage",1
429,"All Female","Travel",1
430,"All Female","Forage",1
431,"All Female","Forage",2
432,"All Female","Forage",1
433,"All Female","Forage",1
434,"All Female","Forage",1
435,"All Female","Forage",1
436,"All Male","Forage",1
437,"All Female","Forage",1
438,"All Female","Forage",2
439,"All Male","Forage",1
440,"All Female","Forage",1
441,"All Female","Forage",1
442,"All Female","Travel",1
443,"All Male","Travel",2
444,"All Female","Forage",1
445,"All Female","Forage",2
446,"All Female","Forage",1
447,"All Female","Travel",1
448,"All Female","Forage",2
449,"All Female","Forage",1
450,"All Female","Forage",1
451,"All Female","Forage",2
452,"All Female","Forage",1
453,"All Female","Forage",1
454,"All Female","Forage",1
455,"All Female","Forage",1
456,"All Female","Forage",1
457,"All Male","Travel",1
458,"All Female","Forage",1
459,"All Male","Forage",1
460,"All Female","Forage",1
461,"All Female","Forage",1
462,"All Female","Forage",1
463,"All Female","Forage",1
464,"All Male","Forage",1
465,"All Female","Travel",1
466,"All Male","Forage",1
467,"All Female","Travel",1
468,"All Male","Forage",1
469,"All Female","Travel",1
470,"All Female","Forage",1
471,"All Female","Forage",1
472,"All Male","Forage",1
473,"All Female","Forage",1
474,"All Female","Rest",2
475,"All Female","Travel",1
476,"All Female","Forage",1
477,"All Female","Forage",1
478,"All Male","Travel",1
479,"All Male","Forage",1
480,"All Female","Rest",1
481,"All Female","Travel",1
482,"All Female","Forage",1
483,"All Female","Forage",1
484,"All Male","Rest",1
485,"All Male","Forage",1
486,"All Female","Forage",1
487,"All Female","Travel",1
488,"All Female","Forage",1
489,"All Female","Forage",1
490,"All Female","Forage",1
491,"All Female","Forage",1
492,"All Male","Rest",1
493,"All Female","Forage",1
494,"All Male","Forage",1
495,"All Female","Forage",1
496,"All Female","Forage",1
497,"All Female","Forage",1
498,"All Male","Forage",1
499,"All Female","Forage",2
500,"All Female","Travel",1
501,"All Male","Other",1
502,"All Male","Forage",1
503,"All Male","Forage",1
504,"All Female","Forage",1
505,"All Female","Forage",1
506,"Mixed","Forage",2
507,"All Female","Forage",1
508,"Mixed","Forage",2
509,"All Female","Forage",1
510,"All Male","Travel",1
511,"All Female","Forage",1
512,"Mixed","Forage",2
513,"All Male","Forage",1
514,"All Female","Forage",1
515,"All Male","Forage",1
516,"All Female","Forage",1
517,"All Female","Forage",1
518,"All Male","Forage",1
519,"All Male","Other",1
520,"All Female","Travel",2
521,"All Female","Travel",2
522,"All Female","Travel",1
523,"All Female","Forage",1
524,"All Female","Travel",1
525,"All Male","Forage",1
526,"All Female","Travel",1
527,"All Male","Forage",1
528,"All Male","Rest",2
529,"All Male","Social",2
530,"Mixed","Rest",3
531,"All Female","Forage",1
532,"All Female","Forage",1
533,"All Female","Travel",1
534,"All Male","Travel",1
535,"All Female","Forage",1
536,"All Female","Rest",2
537,"All Female","Forage",1
538,"All Male","Forage",1
539,"All Female","Forage",1
540,"All Male","Forage",1
541,"All Female","Forage",2
542,"All Female","Forage",1
543,"All Female","Travel",1
544,"All Male","Travel",1
545,"All Female","Travel",1
546,"All Female","Forage",1
547,"All Male","Social",2
548,"All Female","Travel",1
549,"All Female","Forage",1
550,"All Female","Travel",1
551,"All Female","Forage",1
552,"All Female","Forage",2
553,"All Female","Forage",1
554,"All Female","Forage",1
555,"All Female","Forage",1
556,"All Male","Forage",1
557,"All Female","Forage",1
558,"All Male","Forage",1
559,"All Female","Travel",1
560,"All Female","Travel",1
561,"All Male","Rest",2
562,"All Male","Forage",1
563,"All Female","Forage",2
564,"All Female","Forage",1
565,"All Female","Travel",1
566,"All Female","Rest",2
567,"All Male","Forage",1
568,"All Male","Forage",1
569,"All Male","Travel",1
570,"All Female","Forage",3
571,"All Female","Forage",1
572,"All Female","Forage",1
573,"Mixed","Rest",3
574,"Mixed","Social",4
575,"All Male","Travel",1
576,"Mixed","Forage",3
577,"Mixed","Forage",4
578,"All Female","Forage",1
579,"All Female","Forage",1
580,"All Female","Rest",1
581,"Mixed","Rest",2
582,"All Male","Forage",1
583,"All Female","Forage",1
584,"All Female","Forage",1
585,"All Female","Forage",1
586,"All Male","Forage",1
587,"All Male","Travel",1
588,"All Female","Forage",1
589,"All Female","Forage",1
590,"All Male","Rest",1
591,"All Male","Forage",1
592,"All Female","Rest",1
593,"Mixed","Forage",2
594,"All Female","Other",1
595,"All Female","Forage",1
596,"Mixed","Rest",2
597,"All Female","Forage",1
598,"All Female","Other",1
599,"All Female","Forage",1
600,"All Female","Forage",1
601,"All Male","Forage",1
602,"All Female","Travel",1
603,"All Male","Forage",2
604,"All Female","Forage",1
605,"All Male","Forage",2
606,"All Female","Forage",1
607,"All Female","Forage",1
608,"All Male","Forage",2
609,"All Female","Travel",2
610,"All Female","Forage",1
611,"All Male","Forage",1
612,"All Female","Forage",1
613,"All Male","Forage",1
614,"All Female","Forage",1
615,"All Female","Travel",2
616,"All Female","Forage",1
617,"All Male","Travel",1
618,"All Male","Forage",1
619,"All Female","Forage",1
620,"Mixed","Social",3
621,"All Female","Travel",1
622,"All Male","Rest",1
623,"All Female","Rest",1
624,"All Female","Travel",1
625,"All Female","Travel",1
626,"All Male","Rest",2
627,"All Female","Rest",1
628,"All Male","Travel",1
629,"All Female","Forage",1
630,"All Female","Forage",1
631,"All Female","Rest",1
632,"All Female","Forage",2
633,"All Male","Rest",2
634,"All Male","Forage",1
635,"All Female","Forage",1
636,"All Male","Travel",2
637,"Mixed","Forage",3
638,"All Female","Travel",1
639,"All Male","Travel",1
640,"Mixed","Travel",3
641,"All Male","Forage",1
642,"All Female","Forage",1
643,"All Female","Travel",1
644,"All Male","Travel",1
645,"All Female","Forage",1
646,"All Female","Travel",2
647,"All Female","Travel",1
648,"Mixed","Forage",3
649,"All Female","Forage",1
650,"All Female","Rest",1
651,"All Female","Rest",1
652,"All Female","Forage",1
653,"All Female","Forage",1
654,"All Female","Forage",1
655,"All Female","Forage",1
656,"Mixed","Forage",2
657,"Mixed","Travel",3
658,"All Female","Travel",1
659,"All Male","Forage",1
660,"All Female","Forage",1
661,"All Female","Forage",2
662,"All Male","Forage",1
663,"All Male","Forage",1
664,"All Female","Forage",1
665,"All Female","Forage",1
666,"All Female","Forage",1
667,"All Male","Forage",1
668,"Mixed","Forage",2
669,"All Female","Forage",1
670,"All Male","Forage",1
671,"All Female","Forage",1
672,"All Male","Forage",1
673,"All Female","Forage",1
674,"All Female","Forage",1
675,"All Female","Forage",1
676,"All Female","Travel",1
677,"All Male","Rest",2
678,"All Female","Forage",1
679,"Mixed","Forage",1
680,"All Female","Rest",1
681,"All Female","Rest",1
682,"All Female","Forage",1
683,"All Female","Travel",1
684,"All Female","Forage",1
685,"All Female","Forage",1
686,"All Male","Forage",1
687,"All Female","Forage",1
688,"All Female","Forage",1
689,"All Male","Forage",2
690,"All Female","Rest",2
691,"All Female","Travel",1
692,"All Male","Forage",1
693,"Mixed","Rest",3
694,"All Female","Forage",1
695,"All Male","Travel",1
696,"All Male","Rest",2
697,"All Male","Forage",2
698,"All Female","Forage",1
699,"All Male","Travel",2
700,"All Female","Forage",1
701,"All Female","Forage",1
702,"All Female","Forage",1
703,"All Male","Forage",1
704,"All Male","Rest",1
705,"All Female","Forage",1
706,"All Male","Rest",2
707,"Mixed","Forage",1
708,"All Female","Rest",1
709,"All Male","Forage",2
710,"All Male","Forage",1
711,"All Female","Travel",1
712,"All Female","Forage",1
713,"All Female","Forage",1
714,"All Female","Travel",1
715,"All Male","Travel",1
716,"All Female","Rest",2
717,"All Female","Forage",1
718,"All Female","Forage",1
719,"All Male","Rest",1
720,"All Male","Forage",2
721,"All Male","Forage",1
722,"All Male","Travel",3
723,"All Female","Rest",1
724,"All Male","Rest",2
725,"All Female","Forage",1
726,"All Male","Forage",1
727,"All Female","Forage",1
728,"All Female","Forage",1
729,"All Female","Rest",1
730,"All Female","Forage",1
731,"All Female","Forage",2
732,"All Female","Forage",1
733,"All Female","Forage",2
734,"Mixed","Rest",2
735,"All Female","Other",2
736,"All Female","Forage",1
737,"All Female","Forage",1
738,"All Male","Forage",1
739,"Mixed","Travel",1
740,"All Male","Travel",1
741,"All Female","Forage",1
742,"All Female","Forage",1
743,"All Female","Travel",1
744,"All Female","Forage",1
745,"All Female","Forage",1
746,"Mixed","Travel",3
747,"All Female","Forage",1
748,"All Female","Travel",1
749,"All Female","Forage",1
750,"All Female","Forage",1
751,"All Female","Forage",1
752,"All Female","Forage",1
753,"All Male","Travel",1
754,"Mixed","Travel",1
755,"All Female","Travel",1
756,"All Female","Forage",1
757,"All Female","Forage",1
758,"All Female","Forage",1
759,"All Female","Forage",1
760,"All Female","Forage",1
761,"All Female","Forage",1
762,"All Male","Forage",1
763,"All Female","Forage",1
764,"All Male","Forage",1
765,"All Female","Forage",1
766,"All Female","Forage",2
767,"All Female","Forage",1
768,"All Female","Other",1
769,"All Female","Forage",1
770,"All Female","Forage",1
771,"All Female","Forage",1
772,"All Female","Other",1
773,"All Male","Forage",1
774,"All Female","Travel",2
775,"All Female","Travel",3
776,"All Female","Other",2
777,"All Female","Forage",1
778,"All Male","Forage",1
779,"All Female","Forage",1
780,"Mixed","Forage",2
781,"All Female","Forage",1
782,"All Male","Other",1
783,"All Male","Travel",1
784,"All Male","Travel",1
785,"All Male","Forage",1
786,"All Female","Travel",1
787,"All Female","Forage",1
788,"All Female","Other",1
789,"All Female","Forage",1
790,"All Male","Forage",1
791,"All Male","Forage",1
792,"Mixed","Travel",2
793,"Mixed","Forage",2
794,"All Female","Other",2
795,"All Female","Forage",1
796,"All Female","Travel",1
797,"All Female","Forage",1
798,"Mixed","Forage",1
799,"All Female","Forage",1
800,"All Female","Forage",1
801,"All Female","Other",1
802,"Mixed","Forage",1
803,"All Female","Other",2
804,"Mixed","Forage",2
805,"All Female","Forage",1
806,"All Female","Forage",1
807,"Mixed","Forage",2
808,"Mixed","Rest",5
809,"All Female","Forage",1
810,"All Female","Forage",1
811,"All Female","Other",1
812,"All Male","Forage",1
813,"All Female","Forage",1
814,"All Female","Forage",1
815,"All Male","Forage",1
816,"All Female","Forage",1
817,"All Female","Forage",1
818,"All Male","Forage",1
819,"Mixed","Travel",5
820,"All Female","Forage",1
821,"All Female","Forage",1
822,"All Female","Forage",1
823,"All Female","Forage",1
824,"All Female","Forage",1
825,"All Female","Forage",1
826,"All Female","Other",1
827,"Mixed","Travel",1
828,"All Female","Forage",1
829,"All Male","Forage",1
830,"All Female","Forage",1
831,"All Female","Forage",1
832,"All Male","Rest",1
833,"All Male","Forage",1
834,"All Female","Forage",1
835,"All Male","Social",2
836,"All Female","Travel",1
837,"All Male","Rest",1
838,"All Female","Forage",1
839,"All Female","Forage",1
840,"All Male","Rest",1
841,"All Female","Forage",1
842,"All Female","Forage",1
843,"All Female","Forage",2
844,"All Female","Travel",1
845,"All Male","Rest",2
846,"All Male","Rest",1
847,"All Female","Forage",1
848,"All Male","Forage",2
849,"All Female","Forage",1
850,"All Male","Forage",2
851,"All Male","Forage",1
852,"All Male","Forage",1
853,"All Female","Forage",1
854,"All Male","Forage",1
855,"All Male","Forage",1
856,"All Male","Social",4
857,"All Female","Travel",1
858,"All Female","Forage",1
859,"All Male","Forage",1
860,"All Male","Forage",1
861,"All Female","Forage",1
862,"All Male","Social",6
863,"All Male","Rest",3
864,"All Male","Social",4
865,"All Female","Forage",1
866,"All Female","Travel",4
867,"All Female","Forage",1
868,"All Male","Forage",2
869,"All Male","Forage",1
870,"Mixed","Forage",1
871,"All Male","Travel",1
872,"All Male","Other",1
873,"Mixed","Forage",2
874,"All Female","Other",2
875,"All Female","Forage",1
876,"All Male","Forage",1
877,"All Male","Forage",2
878,"All Male","Travel",1
879,"All Male","Forage",1
880,"All Female","Forage",1
881,"All Male","Rest",4
882,"Mixed","Forage",1
883,"All Male","Forage",1
884,"All Female","Forage",1
885,"All Female","Forage",1
886,"Mixed","Forage",2
887,"All Female","Rest",2
888,"All Female","Forage",1
889,"All Female","Forage",1
890,"All Female","Forage",2
891,"All Female","Forage",1
892,"All Male","Other",1
893,"Mixed","Rest",3
894,"All Female","Forage",1
895,"All Male","Forage",1
896,"All Female","Forage",1
897,"All Female","Forage",1
898,"Mixed","Travel",2
899,"All Female","Travel",3
900,"All Male","Forage",2
901,"All Male","Forage",2
902,"All Female","Forage",1
903,"All Male","Travel",1
904,"All Male","Travel",1
905,"All Male","Forage",1
906,"All Male","Social",3
907,"All Female","Forage",1
908,"All Female","Forage",1
909,"All Female","Forage",1
910,"All Male","Forage",2
911,"All Male","Forage",1
912,"Mixed","Travel",2
913,"All Female","Forage",1
914,"All Female","Forage",1
915,"All Female","Forage",2
916,"All Female","Forage",1
917,"All Female","Forage",1
918,"All Male","Forage",1
919,"All Female","Forage",1
920,"All Male","Forage",1
921,"All Female","Forage",1
922,"All Female","Forage",1
923,"All Female","Forage",1
924,"All Female","Other",2
925,"Mixed","Other",5
926,"All Female","Forage",1
927,"Mixed","Forage",3
928,"All Female","Forage",1
929,"All Male","Travel",1
930,"All Male","Rest",3
931,"Mixed","Forage",2
932,"All Female","Forage",1
933,"All Male","Forage",2
934,"All Female","Forage",1
935,"All Female","Forage",2
936,"All Male","Forage",3
937,"All Female","Forage",1
938,"All Female","Forage",2
939,"All Male","Rest",3
940,"All Male","Forage",1
941,"All Male","Forage",1
942,"All Female","Forage",1
943,"All Female","Forage",1
944,"All Female","Forage",1
945,"All Male","Forage",1
946,"All Female","Forage",1
947,"All Female","Forage",1
948,"All Female","Travel",1
949,"All Female","Forage",1
950,"Mixed","Forage",2
951,"All Female","Forage",1
952,"Mixed","Rest",3
953,"All Female","Forage",3
954,"All Female","Forage",1
955,"All Female","Forage",1
956,"All Female","Forage",1
957,"All Female","Forage",1
958,"Mixed","Forage",2
959,"All Female","Forage",1
960,"All Female","Forage",1
961,"All Male","Other",1
962,"All Female","Forage",1
963,"All Female","Forage",1
964,"All Female","Forage",1
965,"Mixed","Forage",2
966,"All Female","Forage",1
967,"All Male","Forage",1
968,"All Female","Forage",1
969,"All Female","Other",1
970,"Mixed","Forage",1
971,"All Female","Forage",2
972,"All Female","Forage",1
973,"Mixed","Travel",2
974,"All Male","Social",4
975,"All Female","Forage",1
976,"Mixed","Social",7
977,"All Female","Forage",2
978,"All Female","Other",1
979,"All Female","Other",1
980,"All Female","Forage",1
981,"All Male","Forage",1
982,"All Female","Other",2
983,"All Male","Forage",1
984,"All Female","Forage",1
985,"All Male","Forage",1
986,"Mixed","Forage",3
987,"All Female","Other",1
988,"All Female","Forage",1
989,"Mixed","Travel",2
990,"Mixed","Forage",1
991,"All Female","Forage",1
992,"All Female","Forage",1
993,"Mixed","Forage",4
994,"All Female","Forage",1
995,"Mixed","Forage",2
996,"All Female","Forage",1
997,"All Female","Forage",2
998,"All Female","Forage",1
999,"All Male","Other",1
1000,"All Female","Forage",1
1001,"All Male","Travel",2
1002,"Mixed","Forage",2
1003,"All Female","Forage",1
1004,"Mixed","Travel",2
1005,"Mixed","Rest",4
1006,"All Male","Forage",1
1007,"All Male","Forage",1
1008,"All Female","Travel",2
1009,"All Female","Forage",1
1010,"All Male","Travel",1
1011,"All Female","Forage",1
1012,"All Male","Travel",1
1013,"All Female","Rest",1
1014,"All Male","Forage",1
1015,"All Female","Forage",1
1016,"All Male","Forage",1
1017,"All Male","Rest",2
1018,"All Female","Forage",1
1019,"All Male","Forage",1
1020,"All Female","Other",2
1021,"All Male","Forage",1
1022,"All Female","Rest",1
1023,"All Female","Forage",1
1024,"All Female","Rest",1
1025,"All Female","Travel",1
1026,"All Male","Forage",1
1027,"All Male","Other",2
1028,"All Female","Forage",2
1029,"All Female","Forage",1
1030,"All Female","Travel",1
1031,"All Female","Rest",2
1032,"All Male","Travel",1
1033,"All Female","Forage",1
1034,"All Female","Forage",1
1035,"All Female","Forage",1
1036,"All Male","Travel",1
1037,"All Female","Forage",1
1038,"Mixed","Rest",2
1039,"All Female","Forage",1
1040,"All Male","Rest",2
1041,"All Female","Forage",1
1042,"All Female","Forage",1
1043,"All Female","Forage",2
1044,"Mixed","Forage",1
1045,"All Male","Forage",1
1046,"All Male","Forage",1
1047,"All Male","Forage",2
1048,"All Male","Travel",1
1049,"All Male","Forage",1
1050,"All Female","Travel",1
1051,"All Male","Forage",1
1052,"All Female","Forage",1
1053,"All Female","Forage",1
1054,"All Female","Forage",1
1055,"All Male","Travel",1
1056,"All Male","Rest",2
1057,"All Female","Forage",1
1058,"All Female","Forage",1
1059,"All Female","Forage",1
1060,"All Female","Forage",1
1061,"All Male","Forage",1
1062,"All Male","Travel",2
1063,"All Female","Rest",2
1064,"All Female","Forage",1
1065,"Mixed","Travel",2
1066,"All Male","Travel",1
1067,"All Female","Forage",1
1068,"Mixed","Rest",3
1069,"All Female","Forage",2
1070,"All Male","Forage",1
1071,"All Male","Travel",1
1072,"All Female","Forage",1
1073,"All Male","Travel",2
1074,"All Female","Forage",1
1075,"All Female","Forage",1
1076,"All Female","Rest",1
1077,"All Female","Travel",1
1078,"All Male","Travel",1
1079,"All Male","Rest",1
1080,"Mixed","Rest",2
1081,"All Female","Forage",1
1082,"All Male","Rest",1
1083,"All Male","Forage",1
1084,"All Female","Forage",1
1085,"All Male","Travel",1
1086,"All Female","Rest",1
1087,"All Female","Forage",1
1088,"All Male","Travel",1
1089,"All Female","Travel",1
1090,"All Female","Forage",1
1091,"Mixed","Forage",2
1092,"All Female","Forage",1
1093,"All Female","Forage",1
1094,"All Female","Travel",1
1095,"All Female","Forage",1
1096,"All Female","Forage",1
1097,"All Female","Forage",1
1098,"All Female","Forage",1
1099,"All Female","Forage",1
1100,"All Female","Forage",1
1101,"All Female","Forage",1
1102,"Mixed","Forage",1
1103,"All Female","Forage",1
1104,"All Female","Forage",1
1105,"All Female","Forage",1
1106,"Mixed","Forage",1
1107,"All Male","Forage",1
1108,"All Male","Forage",1
1109,"All Female","Forage",1
1110,"All Female","Travel",1
1111,"All Female","Forage",1
1112,"All Female","Forage",2
1113,"All Female","Other",1
1114,"Mixed","Social",3
1115,"All Female","Travel",1
1116,"All Male","Forage",1
1117,"Mixed","Forage",1
1118,"All Male","Forage",1
1119,"All Female","Forage",1
1120,"All Male","Forage",1
1121,"All Male","Forage",1
1122,"All Female","Forage",1
1123,"Mixed","Forage",2
1124,"All Female","Forage",1
1125,"Mixed","Forage",2
1126,"All Female","Rest",1
1127,"All Female","Forage",1
1128,"All Female","Forage",2
1129,"All Female","Forage",2
1130,"All Male","Travel",1
1131,"All Female","Rest",1
1132,"All Female","Forage",1
1133,"All Female","Rest",1
1134,"All Male","Forage",1
1135,"All Male","Forage",1
1136,"All Male","Forage",1
1137,"All Female","Rest",2
1138,"All Female","Forage",1
1139,"All Female","Forage",1
1140,"All Female","Forage",1
1141,"All Female","Forage",1
1142,"All Female","Travel",1
1143,"Mixed","Forage",1
1144,"All Male","Forage",1
1145,"All Male","Forage",1
1146,"All Female","Rest",1
1147,"All Female","Forage",1
1148,"All Female","Forage",1
1149,"All Female","Forage",1
1150,"All Female","Travel",2
1151,"All Female","Forage",1
1152,"All Female","Forage",1
1153,"All Male","Forage",1
1154,"All Male","Forage",1
1155,"All Female","Forage",1
1156,"All Female","Forage",1
1157,"All Male","Rest",1
1158,"Mixed","Forage",1
1159,"All Female","Forage",1
1160,"All Female","Forage",1
1161,"All Male","Travel",1
1162,"All Female","Forage",1
1163,"All Male","Travel",1
1164,"All Female","Forage",1
1165,"Mixed","Forage",1
1166,"All Male","Forage",1
1167,"All Male","Forage",1
1168,"All Female","Forage",1
1169,"All Male","Travel",1
1170,"All Male","Forage",1
1171,"All Female","Forage",1
1172,"All Female","Forage",1
1173,"All Male","Rest",1
1174,"All Female","Rest",1
1175,"All Female","Forage",1
1176,"All Male","Forage",1
1177,"All Female","Forage",1
1178,"All Female","Rest",1
1179,"All Female","Forage",1
1180,"All Female","Rest",1
1181,"All Female","Rest",1
1182,"All Male","Travel",1
1183,"All Female","Forage",1
1184,"All Male","Travel",1
1185,"All Female","Rest",1
1186,"All Male","Travel",1
1187,"Mixed","Forage",2
1188,"All Female","Forage",1
1189,"All Male","Forage",1
1190,"Mixed","Forage",1
1191,"All Female","Travel",2
1192,"All Male","Travel",1
1193,"All Female","Forage",1
1194,"All Male","Forage",1
1195,"All Male","Forage",1
1196,"All Female","Forage",1
1197,"All Male","Forage",1
1198,"All Male","Rest",1
1199,"Mixed","Travel",3
1200,"All Female","Forage",1
1201,"All Female","Rest",1
1202,"All Female","Rest",1
1203,"All Female","Forage",1
1204,"All Male","Forage",1
1205,"Mixed","Forage",3
1206,"All Male","Forage",1
1207,"All Female","Rest",1
1208,"All Male","Travel",1
1209,"Mixed","Rest",3
1210,"All Male","Forage",1
1211,"All Male","Forage",2
1212,"All Female","Forage",1
1213,"All Male","Forage",1
1214,"All Female","Forage",1
1215,"All Female","Forage",1
1216,"All Male","Forage",1
1217,"All Male","Forage",2
1218,"All Female","Forage",1
1219,"Mixed","Travel",3
1220,"Mixed","Travel",4
1221,"All Male","Forage",1
1222,"All Female","Forage",1
1223,"Mixed","Rest",4
1224,"All Female","Forage",1
1225,"All Female","Forage",1
1226,"All Male","Forage",1
1227,"All Female","Forage",1
1228,"All Female","Rest",2
1229,"All Female","Forage",2
1230,"Mixed","Forage",1
1231,"All Female","Travel",1
1232,"All Male","Forage",1
1233,"All Female","Forage",2
1234,"All Female","Forage",1
1235,"All Male","Travel",1
1236,"All Female","Forage",1
1237,"All Female","Rest",3
1238,"All Male","Forage",1
1239,"All Female","Forage",1
1240,"All Female","Forage",1
1241,"All Male","Travel",1
1242,"All Female","Forage",1
1243,"All Female","Forage",1
1244,"All Female","Forage",1
1245,"All Male","Forage",1
1246,"Mixed","Forage",2
1247,"All Female","Forage",1
1248,"All Female","Forage",1
1249,"All Female","Rest",2
1250,"Mixed","Rest",2
1251,"All Male","Forage",2
1252,"All Female","Forage",1
1253,"All Female","Travel",2
1254,"All Female","Forage",2
1255,"All Male","Rest",3
1256,"All Male","Forage",1
1257,"All Female","Forage",1
1258,"Mixed","Forage",3
1259,"All Female","Forage",1
1260,"All Female","Rest",1
1261,"All Female","Forage",1
1262,"All Male","Forage",1
1263,"All Male","Forage",1
1264,"All Female","Rest",1
1265,"All Female","Forage",1
1266,"Mixed","Forage",3
1267,"All Female","Travel",1
1268,"All Male","Rest",1
1269,"All Female","Forage",1
1270,"All Female","Forage",1
1271,"All Female","Forage",1
1272,"All Male","Forage",1
1273,"All Female","Rest",2
1274,"All Male","Forage",1
1275,"All Female","Forage",1
1276,"All Female","Forage",1
1277,"All Female","Forage",1
1278,"All Female","Forage",1
1279,"All Male","Forage",1
1280,"Mixed","Social",3
1281,"All Female","Other",1
1282,"All Female","Forage",1
1283,"All Male","Rest",2
1284,"All Male","Forage",1
1285,"All Male","Forage",1
1286,"All Male","Forage",1
1287,"All Female","Forage",1
1288,"All Female","Forage",1
1289,"All Female","Travel",1
1290,"All Female","Forage",1
1291,"All Female","Travel",1
1292,"All Male","Forage",1
1293,"All Female","Forage",1
1294,"All Female","Travel",1
1295,"All Female","Forage",2
1296,"All Female","Forage",1
1297,"All Male","Rest",1
1298,"Mixed","Travel",2
1299,"All Male","Forage",1
1300,"All Female","Rest",1
1301,"All Female","Forage",1
1302,"All Male","Forage",1
1303,"All Male","Forage",1
1304,"All Male","Forage",1
1305,"All Female","Forage",1
1306,"All Male","Forage",1
1307,"All Female","Rest",1
1308,"Mixed","Travel",2
1309,"All Female","Forage",1
1310,"All Female","Travel",1
1311,"All Male","Forage",1
1312,"All Male","Forage",1
1313,"All Male","Forage",1
1314,"All Female","Forage",1
1315,"All Male","Forage",1
1316,"All Female","Forage",1
1317,"All Male","Forage",1
1318,"All Male","Forage",1
1319,"All Male","Forage",1
1320,"All Male","Forage",1
1321,"All Female","Forage",1
1322,"All Male","Rest",1
1323,"All Male","Forage",1
1324,"All Female","Rest",3
1325,"All Male","Forage",1
1326,"All Male","Forage",1
1327,"Mixed","Forage",3
1328,"All Male","Forage",1
1329,"All Female","Forage",1
1330,"All Male","Forage",2
1331,"All Male","Travel",1
